<?xml version="1.0" encoding="UTF-8"?>
<addon id="plugin.program.teqmess" version="1.1"
       name="Teq Messages" provider-name="Whoever">
  <requires>
  	<import addon="xbmc.python" version="2.1.0"/>
  	<import addon="script.module.addon.common" optional="true" />
  </requires>
  <extension point="xbmc.python.script" library="default.py">
    <provides>executable</provides>
  </extension>
  <extension point="xbmc.service" library="service.py" start="startup">
  </extension>
  <extension point="xbmc.addon.metadata">
  	<summary>TEQ NEWS</summary>
  	<description>Teq Messages and updates</description>
  	<disclaimer>We take no responsibility for any problems this plugin may cause.</disclaimer>
  	<language>en</language>
  	<platform>all</platform>
  	<website></website>
  	<source></source>
  	<email></email>
  </extension>
</addon>
