<?xml version="1.0" encoding="UTF-8" standalone="yes"?>
<addon id="toolz.service.macreader" name="[COLOR darkorange]AAA Mac Reader[/COLOR]" version="1.02" provider-name="TeQ IQ">
    <requires>
		<import addon="xbmc.python" version="2.1.0"/>
	</requires>
	<extension point="xbmc.python.pluginsource" library="default.py">
	 <provides>program executable</provides>
  </extension>
  <extension point="xbmc.addon.metadata">
    <platform>all</platform>
    <summary></summary>
  </extension>
</addon>