<?xml version="1.0" encoding="UTF-8" standalone="yes"?>
<addon id="plugin.program.teqiqwizard" name="[COLOR darkorange]TeQ IQ Build Wizard[/COLOR]" version="2.0.2" provider-name="Playonmonkey">
  <requires>
    <import addon="xbmc.python" version="2.1.0"/>
  </requires>
  <extension point="xbmc.python.pluginsource" library="default.py">
    <provides>executable</provides>
  </extension>
  <extension point="xbmc.service" library="startup.py" start="startup" />
  <extension point="xbmc.addon.metadata">
    <summary lang="en">Build Installer</summary>
    <description lang="en">Build Installer Based on the Aftermath wizard</description>
    <platform>all</platform>
  </extension>
</addon>